path,source,role,model,instances_per_module,save_number,bytes,sha256
cad/drill_drone.asm.20,video/CAD/drill_drone.asm.20,entry_assembly,drill_drone.asm,1,20,315219,cb5a5091705129559c32f00714645a3b48b8ef9b77c306982061a073d9488af4
cad/10x4_5l.prt.1,video/CAD/10x4_5l.prt.1,component_part,10x4_5l.prt,1,1,340078,f522822271299cbe8178fb3d234ca954686475670ce683d780af0bbd508c7d63
cad/10x4_5r.prt.1,video/CAD/10x4_5r.prt.1,component_part,10x4_5r.prt,1,1,341748,e017a05c6a7d6d20a925beb1b59f421211ca0e55635a54e2069de496d0d73e80
cad/beam275.prt.3,video/CAD/beam275.prt.3,component_part,beam275.prt,4,3,92196,8a4b916eb47c2ec3c400e35bdfd2cb92f0f9093d7084aa38acb04d271e010b10
cad/beam_l20_500mm.prt.4,video/CAD/beam_l20_500mm.prt.4,component_part,beam_l20_500mm.prt,4,4,101709,cb7274e1866f738955a0763af531b327bb36a63b1f40add8165454619028575d
cad/dirll_frame_body.prt.46,video/CAD/dirll_frame_body.prt.46,component_part,dirll_frame_body.prt,1,46,1939749,ab54f4ce83af010e9229b3969d0638e394932203463854cf033deae93893143c
cad/drill_drone_frame_topper.prt.3,video/CAD/drill_drone_frame_topper.prt.3,component_part,drill_drone_frame_topper.prt,2,3,179590,0fefc87c13123aae734b2248bfb0c16141ca6b4b84228a857ed4675338421f32
cad/drill_feed.prt.4,video/CAD/drill_feed.prt.4,component_part,drill_feed.prt,1,4,194517,7c8a320195e1d060e7f2b36b3d30a0350df0dead5828f224a2284ed750141211
cad/drill_frame_beam_holder.prt.3,video/CAD/drill_frame_beam_holder.prt.3,component_part,drill_frame_beam_holder.prt,4,3,190899,be4276b01595a97d3afe44cf7427040b850b61e85ddf0589e43972c7213f70af
cad/drill_head.prt.2,video/CAD/drill_head.prt.2,component_part,drill_head.prt,1,2,358922,c61f0264282070e8d07f08c165da5afcc730af2b8b91d4bd4ccde871c5a1e34e
cad/drill_motor_board_use.prt.13,video/CAD/drill_motor_board_use.prt.13,component_part,drill_motor_board_use.prt,1,13,218727,7982968912e7ed11b729b7eb7e6467b3ef724a9fed3e036bfe27d2b12eef1996
cad/drill_nut.prt.5,video/CAD/drill_nut.prt.5,component_part,drill_nut.prt,1,5,145914,7455a4a609fa4f63c8fdac91188bacbf813d0eb84831500c6885de64a30954a3
cad/drone-fly-motor.prt.4,video/CAD/drone-fly-motor.prt.4,component_part,drone-fly-motor.prt,4,4,492802,bdad9d94686240a690b9c1dffca27a40ce0c692db9272bf878a8f61ca83c61ad
cad/magnet_son_holder.prt.24,video/CAD/magnet_son_holder.prt.24,component_part,magnet_son_holder.prt,4,24,1237884,9ee888c366ec8d77b9b90bc43cf662cc043d9b807484a51f8fc9655c262102f3
cad/motor_base-20.prt.1,video/CAD/motor_base-20.prt.1,component_part,motor_base-20.prt,4,1,379367,dc6d12787b94f1780904d1ad79096ce112be3e98cccfe1ade63c22b257deeb87
cad/prt0004.prt.1,video/CAD/prt0004.prt.1,component_part,prt0004.prt,1,1,341624,be4b8f3ff874a7a5fb077362897fd019059c015a06199c17a79e0320b8ea176c
cad/prt0005.prt.4,video/CAD/prt0005.prt.4,component_part,prt0005.prt,1,4,340023,57461c1d421d76c8f9f92578ecf7a0a61f83136b26acc9920224bd30229c89b7
exports/stl/drill_motor_board_use.stl,video/CAD/drill_motor_board_use.stl,existing_stl,,,,149684,ea23df154bfb547dd64c9518bcb0d99b8eb168dc868418be7ddc4edf2bd47987
exports/stl/magnet_son_holder.stl,video/CAD/magnet_son_holder.stl,existing_stl,,,,532284,c2d03f3231072e4effbdf6976c57f3fa5dd8cb6ef3a5ebc53d08f5b653f676f2
images/drill_drone_front_pitch.png,video/CAD/drill_drone_front_pitch.png,preview,,,,1234987,6b796d03fe2c0d084fd8278b0861ae4400a89033bd1e317502ca36b27f5f46fd
